codigo_ibge,municipio,abastecimento_agua_rede_pct,agua_canalizacao_interna_pct,banheiro_exclusivo_pct,esgotamento_adequado_rede_ou_fossa_pct,lixo_coletado_pct,indice_vulnerabilidade_saneamento_2022,taxa_alfabetizacao_pct,taxa_analfabetismo_estimado_pct,nivel_instrucao_baixo_pct,nivel_instrucao_medio_ou_superior_pct,indice_vulnerabilidade_instrucao_2022,renda_censo_2022,pct_rdpc_ate_1_4_sm_2022,pct_rdpc_ate_1_2_sm_2022,percentual_rural_2022,fonte_saneamento,fonte_alfabetizacao,fonte_instrucao,fonte_renda,fonte_recuperacao,observacao_recuperacao
5102504,Cáceres - MT,77.24,,100.0,85.19,100.0,9.39,92.24,7.76,32.35,50.48,40.94,89163.0,9.91,29.84,11.48,"IBGE/SIDRA - Tabelas 6909, 9397 e 9541 (Censo 2022), com leitura por metadados",IBGE/SIDRA - Tabela 9543 (Censo 2022),"IBGE/SIDRA - Tabela 10061 (Censo 2022), com leitura por metadados",IBGE/SIDRA - Censo 2022: Tabelas 10295 e 10296,sistema_antigo_cache_ibge_censo_2022,"Dados recuperados do cache do sistema antigo, com fontes IBGE/Censo 2022 já consolidadas na versão anterior."
5101803,Barra do Garças - MT,92.29,,100.0,100.0,100.0,1.93,95.69,4.31,24.8,58.07,33.37,68974.0,6.65,21.83,10.03,"IBGE/SIDRA - Tabelas 6909, 9397 e 9541 (Censo 2022), com leitura por metadados",IBGE/SIDRA - Tabela 9543 (Censo 2022),"IBGE/SIDRA - Tabela 10061 (Censo 2022), com leitura por metadados",IBGE/SIDRA - Censo 2022: Tabelas 10295 e 10296,sistema_antigo_cache_ibge_censo_2022,"Dados recuperados do cache do sistema antigo, com fontes IBGE/Censo 2022 já consolidadas na versão anterior."
5105150,Juína - MT,59.31,,100.0,27.4,100.0,28.32,93.16,6.84,39.36,42.4,48.48,45585.0,4.94,16.56,19.7,"IBGE/SIDRA - Tabelas 6909, 9397 e 9541 (Censo 2022), com leitura por metadados",IBGE/SIDRA - Tabela 9543 (Censo 2022),"IBGE/SIDRA - Tabela 10061 (Censo 2022), com leitura por metadados",IBGE/SIDRA - Censo 2022: Tabelas 10295 e 10296,sistema_antigo_cache_ibge_censo_2022,"Dados recuperados do cache do sistema antigo, com fontes IBGE/Censo 2022 já consolidadas na versão anterior."
5105101,Juara - MT,71.56,,100.0,72.24,100.0,14.05,93.07,6.93,43.31,40.46,51.42,34701.0,3.02,19.22,19.61,"IBGE/SIDRA - Tabelas 6909, 9397 e 9541 (Censo 2022), com leitura por metadados",IBGE/SIDRA - Tabela 9543 (Censo 2022),"IBGE/SIDRA - Tabela 10061 (Censo 2022), com leitura por metadados",IBGE/SIDRA - Censo 2022: Tabelas 10295 e 10296,sistema_antigo_cache_ibge_censo_2022,"Dados recuperados do cache do sistema antigo, com fontes IBGE/Censo 2022 já consolidadas na versão anterior."
5106422,Peixoto de Azevedo - MT,72.02,,100.0,77.05,100.0,12.73,90.52,9.48,40.91,36.0,52.45,32443.0,11.33,30.27,19.31,"IBGE/SIDRA - Tabelas 6909, 9397 e 9541 (Censo 2022), com leitura por metadados",IBGE/SIDRA - Tabela 9543 (Censo 2022),"IBGE/SIDRA - Tabela 10061 (Censo 2022), com leitura por metadados",IBGE/SIDRA - Censo 2022: Tabelas 10295 e 10296,sistema_antigo_cache_ibge_censo_2022,"Dados recuperados do cache do sistema antigo, com fontes IBGE/Censo 2022 já consolidadas na versão anterior."
5106505,Poconé - MT,73.79,,100.0,24.57,100.0,25.41,88.88,11.12,41.11,40.45,50.33,31179.0,11.7,33.55,25.02,"IBGE/SIDRA - Tabelas 6909, 9397 e 9541 (Censo 2022), com leitura por metadados",IBGE/SIDRA - Tabela 9543 (Censo 2022),"IBGE/SIDRA - Tabela 10061 (Censo 2022), com leitura por metadados",IBGE/SIDRA - Censo 2022: Tabelas 10295 e 10296,sistema_antigo_cache_ibge_censo_2022,"Dados recuperados do cache do sistema antigo, com fontes IBGE/Censo 2022 já consolidadas na versão anterior."
5106307,Paranatinga - MT,77.14,,100.0,54.79,100.0,17.02,93.06,6.94,46.17,35.81,55.18,26239.0,6.33,20.55,27.93,"IBGE/SIDRA - Tabelas 6909, 9397 e 9541 (Censo 2022), com leitura por metadados",IBGE/SIDRA - Tabela 9543 (Censo 2022),"IBGE/SIDRA - Tabela 10061 (Censo 2022), com leitura por metadados",IBGE/SIDRA - Censo 2022: Tabelas 10295 e 10296,sistema_antigo_cache_ibge_censo_2022,"Dados recuperados do cache do sistema antigo, com fontes IBGE/Censo 2022 já consolidadas na versão anterior."
5107008,Poxoréu - MT,49.78,,100.0,41.45,100.0,27.19,89.46,10.54,47.89,36.75,55.57,23159.0,9.56,27.68,30.16,"IBGE/SIDRA - Tabelas 6909, 9397 e 9541 (Censo 2022), com leitura por metadados",IBGE/SIDRA - Tabela 9543 (Censo 2022),"IBGE/SIDRA - Tabela 10061 (Censo 2022), com leitura por metadados",IBGE/SIDRA - Censo 2022: Tabelas 10295 e 10296,sistema_antigo_cache_ibge_censo_2022,"Dados recuperados do cache do sistema antigo, com fontes IBGE/Censo 2022 já consolidadas na versão anterior."
5103304,Comodoro - MT,67.69,,100.0,47.57,100.0,21.19,91.47,8.53,46.69,37.34,54.67,18153.0,10.24,24.98,29.78,"IBGE/SIDRA - Tabelas 6909, 9397 e 9541 (Censo 2022), com leitura por metadados",IBGE/SIDRA - Tabela 9543 (Censo 2022),"IBGE/SIDRA - Tabela 10061 (Censo 2022), com leitura por metadados",IBGE/SIDRA - Censo 2022: Tabelas 10295 e 10296,sistema_antigo_cache_ibge_censo_2022,"Dados recuperados do cache do sistema antigo, com fontes IBGE/Censo 2022 já consolidadas na versão anterior."
5107800,Santo Antônio de Leverger - MT,54.46,,100.0,36.48,100.0,27.27,89.91,10.09,42.0,41.0,50.5,15181.0,9.75,33.62,40.88,"IBGE/SIDRA - Tabelas 6909, 9397 e 9541 (Censo 2022), com leitura por metadados",IBGE/SIDRA - Tabela 9543 (Censo 2022),"IBGE/SIDRA - Tabela 10061 (Censo 2022), com leitura por metadados",IBGE/SIDRA - Censo 2022: Tabelas 10295 e 10296,sistema_antigo_cache_ibge_censo_2022,"Dados recuperados do cache do sistema antigo, com fontes IBGE/Censo 2022 já consolidadas na versão anterior."
5106109,Nossa Senhora do Livramento - MT,38.34,,100.0,53.07,100.0,27.15,87.2,12.8,45.44,41.91,51.77,12870.0,9.03,36.89,58.83,"IBGE/SIDRA - Tabelas 6909, 9397 e 9541 (Censo 2022), com leitura por metadados",IBGE/SIDRA - Tabela 9543 (Censo 2022),"IBGE/SIDRA - Tabela 10061 (Censo 2022), com leitura por metadados",IBGE/SIDRA - Censo 2022: Tabelas 10295 e 10296,sistema_antigo_cache_ibge_censo_2022,"Dados recuperados do cache do sistema antigo, com fontes IBGE/Censo 2022 já consolidadas na versão anterior."
5101407,Aripuanã - MT,57.83,,100.0,30.65,100.0,27.88,94.66,5.34,39.37,38.64,50.36,24432.0,4.78,16.57,26.12,"IBGE/SIDRA - Tabelas 6909, 9397 e 9541 (Censo 2022), com leitura por metadados",IBGE/SIDRA - Tabela 9543 (Censo 2022),"IBGE/SIDRA - Tabela 10061 (Censo 2022), com leitura por metadados",IBGE/SIDRA - Censo 2022: Tabelas 10295 e 10296,sistema_antigo_cache_ibge_censo_2022,"Dados recuperados do cache do sistema antigo, com fontes IBGE/Censo 2022 já consolidadas na versão anterior."
5105507,Vila Bela da Santíssima Trindade - MT,32.96,,100.0,49.74,93.14,31.04,91.97,8.03,45.27,31.96,56.66,16656.0,4.29,26.33,61.88,"IBGE/SIDRA - Tabelas 6909, 9397 e 9541 (Censo 2022), com leitura por metadados",IBGE/SIDRA - Tabela 9543 (Censo 2022),"IBGE/SIDRA - Tabela 10061 (Censo 2022), com leitura por metadados",IBGE/SIDRA - Censo 2022: Tabelas 10295 e 10296,sistema_antigo_cache_ibge_censo_2022,"Dados recuperados do cache do sistema antigo, com fontes IBGE/Censo 2022 já consolidadas na versão anterior."
5106828,Porto Esperidião - MT,58.3,,100.0,53.29,100.0,22.1,88.18,11.82,46.28,39.59,53.34,10130.0,5.97,29.94,47.74,"IBGE/SIDRA - Tabelas 6909, 9397 e 9541 (Censo 2022), com leitura por metadados",IBGE/SIDRA - Tabela 9543 (Censo 2022),"IBGE/SIDRA - Tabela 10061 (Censo 2022), com leitura por metadados",IBGE/SIDRA - Censo 2022: Tabelas 10295 e 10296,sistema_antigo_cache_ibge_censo_2022,"Dados recuperados do cache do sistema antigo, com fontes IBGE/Censo 2022 já consolidadas na versão anterior."
5102603,Campinápolis - MT,43.22,,99.94,6.61,75.4,43.71,83.82,16.18,42.21,35.02,53.59,15303.0,39.75,59.07,62.81,"IBGE/SIDRA - Tabelas 6909, 9397 e 9541 (Censo 2022), com leitura por metadados",IBGE/SIDRA - Tabela 9543 (Censo 2022),"IBGE/SIDRA - Tabela 10061 (Censo 2022), com leitura por metadados",IBGE/SIDRA - Censo 2022: Tabelas 10295 e 10296,sistema_antigo_cache_ibge_censo_2022,"Dados recuperados do cache do sistema antigo, com fontes IBGE/Censo 2022 já consolidadas na versão anterior."
5107701,Rosário Oeste - MT,62.51,,100.0,46.4,100.0,22.77,86.36,13.64,43.12,41.18,50.97,15361.0,8.14,30.24,36.28,"IBGE/SIDRA - Tabelas 6909, 9397 e 9541 (Censo 2022), com leitura por metadados",IBGE/SIDRA - Tabela 9543 (Censo 2022),"IBGE/SIDRA - Tabela 10061 (Censo 2022), com leitura por metadados",IBGE/SIDRA - Censo 2022: Tabelas 10295 e 10296,sistema_antigo_cache_ibge_censo_2022,"Dados recuperados do cache do sistema antigo, com fontes IBGE/Censo 2022 já consolidadas na versão anterior."
5100201,Água Boa - MT,81.99,,100.0,31.25,100.0,21.69,94.41,5.59,29.41,53.03,38.19,28617.0,2.8,11.44,16.07,"IBGE/SIDRA - Tabelas 6909, 9397 e 9541 (Censo 2022), com leitura por metadados",IBGE/SIDRA - Tabela 9543 (Censo 2022),"IBGE/SIDRA - Tabela 10061 (Censo 2022), com leitura por metadados",IBGE/SIDRA - Censo 2022: Tabelas 10295 e 10296,sistema_antigo_cache_ibge_censo_2022,"Dados recuperados do cache do sistema antigo, com fontes IBGE/Censo 2022 já consolidadas na versão anterior."
5103254,Colniza - MT,22.78,,100.0,19.83,100.0,39.35,92.51,7.49,46.78,31.61,57.59,25483.0,10.2,30.1,40.12,"IBGE/SIDRA - Tabelas 6909, 9397 e 9541 (Censo 2022), com leitura por metadados",IBGE/SIDRA - Tabela 9543 (Censo 2022),"IBGE/SIDRA - Tabela 10061 (Censo 2022), com leitura por metadados",IBGE/SIDRA - Censo 2022: Tabelas 10295 e 10296,sistema_antigo_cache_ibge_censo_2022,"Dados recuperados do cache do sistema antigo, com fontes IBGE/Censo 2022 já consolidadas na versão anterior."
5101605,Barão de Melgaço - MT,37.13,,100.0,32.35,94.02,34.12,85.46,14.54,52.62,31.14,60.74,7238.0,18.58,41.09,54.28,"IBGE/SIDRA - Tabelas 6909, 9397 e 9541 (Censo 2022), com leitura por metadados",IBGE/SIDRA - Tabela 9543 (Censo 2022),"IBGE/SIDRA - Tabela 10061 (Censo 2022), com leitura por metadados",IBGE/SIDRA - Censo 2022: Tabelas 10295 e 10296,sistema_antigo_cache_ibge_censo_2022,"Dados recuperados do cache do sistema antigo, com fontes IBGE/Censo 2022 já consolidadas na versão anterior."
5101704,Barra do Bugres - MT,85.7,,100.0,77.23,100.0,9.27,90.7,9.3,41.59,42.69,49.45,29200.0,8.11,25.64,14.01,"IBGE/SIDRA - Tabelas 6909, 9397 e 9541 (Censo 2022), com leitura por metadados",IBGE/SIDRA - Tabela 9543 (Censo 2022),"IBGE/SIDRA - Tabela 10061 (Censo 2022), com leitura por metadados",IBGE/SIDRA - Censo 2022: Tabelas 10295 e 10296,sistema_antigo_cache_ibge_censo_2022,"Dados recuperados do cache do sistema antigo, com fontes IBGE/Censo 2022 já consolidadas na versão anterior."
5107602,Rondonópolis - MT,94.02,,100.0,100.0,100.0,1.5,95.44,4.56,26.78,55.45,35.66,242713.0,4.28,18.01,3.44,"IBGE/SIDRA - Tabelas 6909, 9397 e 9541 (Censo 2022), com leitura por metadados",IBGE/SIDRA - Tabela 9543 (Censo 2022),"IBGE/SIDRA - Tabela 10061 (Censo 2022), com leitura por metadados",IBGE/SIDRA - Censo 2022: Tabelas 10295 e 10296,sistema_antigo_cache_ibge_censo_2022,"Dados recuperados do cache do sistema antigo, com fontes IBGE/Censo 2022 já consolidadas na versão anterior."
5106240,Nova Ubiratã - MT,73.78,,100.0,11.37,100.0,28.71,93.27,6.73,39.56,38.92,50.32,11419.0,4.26,19.16,31.21,"IBGE/SIDRA - Tabelas 6909, 9397 e 9541 (Censo 2022), com leitura por metadados",IBGE/SIDRA - Tabela 9543 (Censo 2022),"IBGE/SIDRA - Tabela 10061 (Censo 2022), com leitura por metadados",IBGE/SIDRA - Censo 2022: Tabelas 10295 e 10296,sistema_antigo_cache_ibge_censo_2022,"Dados recuperados do cache do sistema antigo, com fontes IBGE/Censo 2022 já consolidadas na versão anterior."
5103858,Gaúcha do Norte - MT,67.67,,100.0,30.64,100.0,25.42,90.22,9.78,36.24,46.29,44.98,8627.0,12.85,30.62,54.12,"IBGE/SIDRA - Tabelas 6909, 9397 e 9541 (Censo 2022), com leitura por metadados",IBGE/SIDRA - Tabela 9543 (Censo 2022),"IBGE/SIDRA - Tabela 10061 (Censo 2022), com leitura por metadados",IBGE/SIDRA - Censo 2022: Tabelas 10295 e 10296,sistema_antigo_cache_ibge_censo_2022,"Dados recuperados do cache do sistema antigo, com fontes IBGE/Censo 2022 já consolidadas na versão anterior."
5103908,General Carneiro - MT,43.19,,100.0,14.83,91.11,37.72,90.06,9.94,36.3,50.48,42.91,6015.0,16.81,40.22,55.76,"IBGE/SIDRA - Tabelas 6909, 9397 e 9541 (Censo 2022), com leitura por metadados",IBGE/SIDRA - Tabela 9543 (Censo 2022),"IBGE/SIDRA - Tabela 10061 (Censo 2022), com leitura por metadados",IBGE/SIDRA - Censo 2022: Tabelas 10295 e 10296,sistema_antigo_cache_ibge_censo_2022,"Dados recuperados do cache do sistema antigo, com fontes IBGE/Censo 2022 já consolidadas na versão anterior."
5101902,Brasnorte - MT,61.11,,100.0,42.18,100.0,24.18,92.96,7.04,41.55,41.3,50.12,16951.0,7.28,23.09,39.3,"IBGE/SIDRA - Tabelas 6909, 9397 e 9541 (Censo 2022), com leitura por metadados",IBGE/SIDRA - Tabela 9543 (Censo 2022),"IBGE/SIDRA - Tabela 10061 (Censo 2022), com leitura por metadados",IBGE/SIDRA - Censo 2022: Tabelas 10295 e 10296,sistema_antigo_cache_ibge_censo_2022,"Dados recuperados do cache do sistema antigo, com fontes IBGE/Censo 2022 já consolidadas na versão anterior."
5108402,Várzea Grande - MT,83.65,,100.0,100.0,100.0,4.09,95.52,4.48,26.88,53.57,36.66,299038.0,5.56,22.91,1.17,"IBGE/SIDRA - Tabelas 6909, 9397 e 9541 (Censo 2022), com leitura por metadados",IBGE/SIDRA - Tabela 9543 (Censo 2022),"IBGE/SIDRA - Tabela 10061 (Censo 2022), com leitura por metadados",IBGE/SIDRA - Censo 2022: Tabelas 10295 e 10296,sistema_antigo_cache_ibge_censo_2022,"Dados recuperados do cache do sistema antigo, com fontes IBGE/Censo 2022 já consolidadas na versão anterior."
5103353,Confresa - MT,48.95,,100.0,50.74,100.0,25.08,93.34,6.66,34.47,46.61,43.93,35016.0,5.75,23.03,22.99,"IBGE/SIDRA - Tabelas 6909, 9397 e 9541 (Censo 2022), com leitura por metadados",IBGE/SIDRA - Tabela 9543 (Censo 2022),"IBGE/SIDRA - Tabela 10061 (Censo 2022), com leitura por metadados",IBGE/SIDRA - Censo 2022: Tabelas 10295 e 10296,sistema_antigo_cache_ibge_censo_2022,"Dados recuperados do cache do sistema antigo, com fontes IBGE/Censo 2022 já consolidadas na versão anterior."
5107065,Querência - MT,84.58,,100.0,22.83,100.0,23.15,95.1,4.9,30.14,49.68,40.23,26333.0,4.94,14.62,21.61,"IBGE/SIDRA - Tabelas 6909, 9397 e 9541 (Censo 2022), com leitura por metadados",IBGE/SIDRA - Tabela 9543 (Censo 2022),"IBGE/SIDRA - Tabela 10061 (Censo 2022), com leitura por metadados",IBGE/SIDRA - Censo 2022: Tabelas 10295 e 10296,sistema_antigo_cache_ibge_censo_2022,"Dados recuperados do cache do sistema antigo, com fontes IBGE/Censo 2022 já consolidadas na versão anterior."
5106224,Nova Mutum - MT,87.99,,100.0,47.08,100.0,16.23,96.12,3.88,27.16,55.27,35.95,55582.0,1.33,8.9,11.4,"IBGE/SIDRA - Tabelas 6909, 9397 e 9541 (Censo 2022), com leitura por metadados",IBGE/SIDRA - Tabela 9543 (Censo 2022),"IBGE/SIDRA - Tabela 10061 (Censo 2022), com leitura por metadados",IBGE/SIDRA - Censo 2022: Tabelas 10295 e 10296,sistema_antigo_cache_ibge_censo_2022,"Dados recuperados do cache do sistema antigo, com fontes IBGE/Censo 2022 já consolidadas na versão anterior."
5103007,Chapada dos Guimarães - MT,68.64,,100.0,47.65,100.0,20.93,90.16,9.84,36.11,47.08,44.52,18894.0,4.38,23.8,31.55,"IBGE/SIDRA - Tabelas 6909, 9397 e 9541 (Censo 2022), com leitura por metadados",IBGE/SIDRA - Tabela 9543 (Censo 2022),"IBGE/SIDRA - Tabela 10061 (Censo 2022), com leitura por metadados",IBGE/SIDRA - Censo 2022: Tabelas 10295 e 10296,sistema_antigo_cache_ibge_censo_2022,"Dados recuperados do cache do sistema antigo, com fontes IBGE/Censo 2022 já consolidadas na versão anterior."
5108956,Nova Monte Verde - MT,15.69,,100.0,1.81,100.0,45.62,91.02,8.98,45.9,37.97,53.97,8287.0,4.69,20.58,39.48,"IBGE/SIDRA - Tabelas 6909, 9397 e 9541 (Censo 2022), com leitura por metadados",IBGE/SIDRA - Tabela 9543 (Censo 2022),"IBGE/SIDRA - Tabela 10061 (Censo 2022), com leitura por metadados",IBGE/SIDRA - Censo 2022: Tabelas 10295 e 10296,sistema_antigo_cache_ibge_censo_2022,"Dados recuperados do cache do sistema antigo, com fontes IBGE/Censo 2022 já consolidadas na versão anterior."
5106174,Nova Nazaré - MT,36.37,,100.0,38.77,96.76,32.02,82.43,17.57,47.53,33.55,56.99,4164.0,23.85,42.56,64.48,"IBGE/SIDRA - Tabelas 6909, 9397 e 9541 (Censo 2022), com leitura por metadados",IBGE/SIDRA - Tabela 9543 (Censo 2022),"IBGE/SIDRA - Tabela 10061 (Censo 2022), com leitura por metadados",IBGE/SIDRA - Censo 2022: Tabelas 10295 e 10296,sistema_antigo_cache_ibge_censo_2022,"Dados recuperados do cache do sistema antigo, com fontes IBGE/Censo 2022 já consolidadas na versão anterior."
5107859,São Félix do Araguaia - MT,56.68,,100.0,17.77,100.0,31.39,91.67,8.33,39.32,41.26,49.03,13107.0,6.61,22.7,41.11,"IBGE/SIDRA - Tabelas 6909, 9397 e 9541 (Censo 2022), com leitura por metadados",IBGE/SIDRA - Tabela 9543 (Censo 2022),"IBGE/SIDRA - Tabela 10061 (Censo 2022), com leitura por metadados",IBGE/SIDRA - Censo 2022: Tabelas 10295 e 10296,sistema_antigo_cache_ibge_censo_2022,"Dados recuperados do cache do sistema antigo, com fontes IBGE/Censo 2022 já consolidadas na versão anterior."
5107958,Tangará da Serra - MT,88.9,,100.0,67.86,100.0,10.81,94.42,5.58,31.88,53.98,38.95,105891.0,3.12,15.92,7.98,"IBGE/SIDRA - Tabelas 6909, 9397 e 9541 (Censo 2022), com leitura por metadados",IBGE/SIDRA - Tabela 9543 (Censo 2022),"IBGE/SIDRA - Tabela 10061 (Censo 2022), com leitura por metadados",IBGE/SIDRA - Censo 2022: Tabelas 10295 e 10296,sistema_antigo_cache_ibge_censo_2022,"Dados recuperados do cache do sistema antigo, com fontes IBGE/Censo 2022 já consolidadas na versão anterior."
5107875,Sapezal - MT,91.14,,100.0,88.61,100.0,5.06,95.6,4.4,31.62,46.28,42.67,27690.0,1.86,10.38,12.0,"IBGE/SIDRA - Tabelas 6909, 9397 e 9541 (Censo 2022), com leitura por metadados",IBGE/SIDRA - Tabela 9543 (Censo 2022),"IBGE/SIDRA - Tabela 10061 (Censo 2022), com leitura por metadados",IBGE/SIDRA - Censo 2022: Tabelas 10295 e 10296,sistema_antigo_cache_ibge_censo_2022,"Dados recuperados do cache do sistema antigo, com fontes IBGE/Censo 2022 já consolidadas na versão anterior."
5102702,Canarana - MT,80.7,,100.0,47.57,100.0,17.93,94.28,5.72,35.43,44.6,45.41,25807.0,6.2,16.57,21.75,"IBGE/SIDRA - Tabelas 6909, 9397 e 9541 (Censo 2022), com leitura por metadados",IBGE/SIDRA - Tabela 9543 (Censo 2022),"IBGE/SIDRA - Tabela 10061 (Censo 2022), com leitura por metadados",IBGE/SIDRA - Censo 2022: Tabelas 10295 e 10296,sistema_antigo_cache_ibge_censo_2022,"Dados recuperados do cache do sistema antigo, com fontes IBGE/Censo 2022 já consolidadas na versão anterior."
5103403,Cuiabá - MT,94.57,,100.0,100.0,100.0,1.36,96.73,3.27,21.47,63.52,28.97,646693.0,4.49,17.13,1.71,"IBGE/SIDRA - Tabelas 6909, 9397 e 9541 (Censo 2022), com leitura por metadados",IBGE/SIDRA - Tabela 9543 (Censo 2022),"IBGE/SIDRA - Tabela 10061 (Censo 2022), com leitura por metadados",IBGE/SIDRA - Censo 2022: Tabelas 10295 e 10296,sistema_antigo_cache_ibge_censo_2022,"Dados recuperados do cache do sistema antigo, com fontes IBGE/Censo 2022 já consolidadas na versão anterior."
5106158,Nova Bandeirantes - MT,42.25,,100.0,11.26,100.0,36.62,93.5,6.5,47.38,37.73,54.83,13515.0,7.24,19.36,52.01,"IBGE/SIDRA - Tabelas 6909, 9397 e 9541 (Censo 2022), com leitura por metadados",IBGE/SIDRA - Tabela 9543 (Censo 2022),"IBGE/SIDRA - Tabela 10061 (Censo 2022), com leitura por metadados",IBGE/SIDRA - Censo 2022: Tabelas 10295 e 10296,sistema_antigo_cache_ibge_censo_2022,"Dados recuperados do cache do sistema antigo, com fontes IBGE/Censo 2022 já consolidadas na versão anterior."
5107578,Rondolândia - MT,23.96,,100.0,4.04,69.32,50.67,89.81,10.19,45.34,42.88,51.23,3477.0,18.98,43.23,70.07,"IBGE/SIDRA - Tabelas 6909, 9397 e 9541 (Censo 2022), com leitura por metadados",IBGE/SIDRA - Tabela 9543 (Censo 2022),"IBGE/SIDRA - Tabela 10061 (Censo 2022), com leitura por metadados",IBGE/SIDRA - Censo 2022: Tabelas 10295 e 10296,sistema_antigo_cache_ibge_censo_2022,"Dados recuperados do cache do sistema antigo, com fontes IBGE/Censo 2022 já consolidadas na versão anterior."
5105200,Juscimeira - MT,72.15,,100.0,45.12,100.0,20.68,88.8,11.2,47.45,38.42,54.52,11433.0,9.87,27.76,31.59,"IBGE/SIDRA - Tabelas 6909, 9397 e 9541 (Censo 2022), com leitura por metadados",IBGE/SIDRA - Tabela 9543 (Censo 2022),"IBGE/SIDRA - Tabela 10061 (Censo 2022), com leitura por metadados",IBGE/SIDRA - Censo 2022: Tabelas 10295 e 10296,sistema_antigo_cache_ibge_censo_2022,"Dados recuperados do cache do sistema antigo, com fontes IBGE/Censo 2022 já consolidadas na versão anterior."
5103379,Cotriguaçu - MT,6.44,,100.0,5.59,100.0,46.99,91.77,8.23,51.07,32.13,59.47,10995.0,8.41,27.27,53.6,"IBGE/SIDRA - Tabelas 6909, 9397 e 9541 (Censo 2022), com leitura por metadados",IBGE/SIDRA - Tabela 9543 (Censo 2022),"IBGE/SIDRA - Tabela 10061 (Censo 2022), com leitura por metadados",IBGE/SIDRA - Censo 2022: Tabelas 10295 e 10296,sistema_antigo_cache_ibge_censo_2022,"Dados recuperados do cache do sistema antigo, com fontes IBGE/Censo 2022 já consolidadas na versão anterior."
5107776,Santa Terezinha - MT,38.39,,100.0,2.32,86.45,43.21,88.87,11.13,40.81,43.04,48.89,7568.0,22.89,50.19,60.65,"IBGE/SIDRA - Tabelas 6909, 9397 e 9541 (Censo 2022), com leitura por metadados",IBGE/SIDRA - Tabela 9543 (Censo 2022),"IBGE/SIDRA - Tabela 10061 (Censo 2022), com leitura por metadados",IBGE/SIDRA - Censo 2022: Tabelas 10295 e 10296,sistema_antigo_cache_ibge_censo_2022,"Dados recuperados do cache do sistema antigo, com fontes IBGE/Censo 2022 já consolidadas na versão anterior."
5100300,Alto Araguaia - MT,86.9,,100.0,38.21,100.0,18.72,92.02,7.98,34.59,51.74,41.42,17037.0,4.61,17.25,12.27,"IBGE/SIDRA - Tabelas 6909, 9397 e 9541 (Censo 2022), com leitura por metadados",IBGE/SIDRA - Tabela 9543 (Censo 2022),"IBGE/SIDRA - Tabela 10061 (Censo 2022), com leitura por metadados",IBGE/SIDRA - Censo 2022: Tabelas 10295 e 10296,sistema_antigo_cache_ibge_censo_2022,"Dados recuperados do cache do sistema antigo, com fontes IBGE/Censo 2022 já consolidadas na versão anterior."
5106216,Nova Canaã do Norte - MT,59.49,,100.0,4.38,100.0,34.03,91.99,8.01,44.34,38.61,52.87,11703.0,2.28,16.99,36.71,"IBGE/SIDRA - Tabelas 6909, 9397 e 9541 (Censo 2022), com leitura por metadados",IBGE/SIDRA - Tabela 9543 (Censo 2022),"IBGE/SIDRA - Tabela 10061 (Censo 2022), com leitura por metadados",IBGE/SIDRA - Censo 2022: Tabelas 10295 e 10296,sistema_antigo_cache_ibge_censo_2022,"Dados recuperados do cache do sistema antigo, com fontes IBGE/Censo 2022 já consolidadas na versão anterior."
5100805,Apiacás - MT,48.03,,100.0,11.08,100.0,35.22,88.4,11.6,47.19,35.26,55.97,8548.0,7.55,23.64,27.23,"IBGE/SIDRA - Tabelas 6909, 9397 e 9541 (Censo 2022), com leitura por metadados",IBGE/SIDRA - Tabela 9543 (Censo 2022),"IBGE/SIDRA - Tabela 10061 (Censo 2022), com leitura por metadados",IBGE/SIDRA - Censo 2022: Tabelas 10295 e 10296,sistema_antigo_cache_ibge_censo_2022,"Dados recuperados do cache do sistema antigo, com fontes IBGE/Censo 2022 já consolidadas na versão anterior."
5106752,Pontes e Lacerda - MT,76.03,,100.0,100.0,100.0,5.99,93.29,6.71,36.31,42.77,46.77,51714.0,3.28,17.06,13.88,"IBGE/SIDRA - Tabelas 6909, 9397 e 9541 (Censo 2022), com leitura por metadados",IBGE/SIDRA - Tabela 9543 (Censo 2022),"IBGE/SIDRA - Tabela 10061 (Censo 2022), com leitura por metadados",IBGE/SIDRA - Censo 2022: Tabelas 10295 e 10296,sistema_antigo_cache_ibge_censo_2022,"Dados recuperados do cache do sistema antigo, com fontes IBGE/Censo 2022 já consolidadas na versão anterior."
5107180,Ribeirão Cascalheira - MT,63.51,,100.0,11.8,100.0,31.17,91.65,8.35,38.23,42.46,47.88,9974.0,8.33,22.63,39.8,"IBGE/SIDRA - Tabelas 6909, 9397 e 9541 (Censo 2022), com leitura por metadados",IBGE/SIDRA - Tabela 9543 (Censo 2022),"IBGE/SIDRA - Tabela 10061 (Censo 2022), com leitura por metadados",IBGE/SIDRA - Censo 2022: Tabelas 10295 e 10296,sistema_antigo_cache_ibge_censo_2022,"Dados recuperados do cache do sistema antigo, com fontes IBGE/Censo 2022 já consolidadas na versão anterior."
5103700,Feliz Natal - MT,70.74,,100.0,8.49,100.0,30.19,93.56,6.44,42.49,36.1,53.2,10448.0,11.26,26.68,29.27,"IBGE/SIDRA - Tabelas 6909, 9397 e 9541 (Censo 2022), com leitura por metadados",IBGE/SIDRA - Tabela 9543 (Censo 2022),"IBGE/SIDRA - Tabela 10061 (Censo 2022), com leitura por metadados",IBGE/SIDRA - Censo 2022: Tabelas 10295 e 10296,sistema_antigo_cache_ibge_censo_2022,"Dados recuperados do cache do sistema antigo, com fontes IBGE/Censo 2022 já consolidadas na versão anterior."
5103056,Cláudia - MT,72.9,,100.0,100.0,100.0,6.77,93.32,6.68,48.33,32.88,57.73,9582.0,4.39,18.05,25.76,"IBGE/SIDRA - Tabelas 6909, 9397 e 9541 (Censo 2022), com leitura por metadados",IBGE/SIDRA - Tabela 9543 (Censo 2022),"IBGE/SIDRA - Tabela 10061 (Censo 2022), com leitura por metadados",IBGE/SIDRA - Censo 2022: Tabelas 10295 e 10296,sistema_antigo_cache_ibge_censo_2022,"Dados recuperados do cache do sistema antigo, com fontes IBGE/Censo 2022 já consolidadas na versão anterior."
5108055,Terra Nova do Norte - MT,54.28,,100.0,16.32,100.0,32.35,91.53,8.47,43.32,42.2,50.56,10599.0,4.27,17.84,41.2,"IBGE/SIDRA - Tabelas 6909, 9397 e 9541 (Censo 2022), com leitura por metadados",IBGE/SIDRA - Tabela 9543 (Censo 2022),"IBGE/SIDRA - Tabela 10061 (Censo 2022), com leitura por metadados",IBGE/SIDRA - Censo 2022: Tabelas 10295 e 10296,sistema_antigo_cache_ibge_censo_2022,"Dados recuperados do cache do sistema antigo, com fontes IBGE/Censo 2022 já consolidadas na versão anterior."
5106257,Nova Xavantina - MT,81.31,,100.0,100.0,100.0,4.67,93.65,6.35,44.13,40.35,51.89,24160.0,3.55,14.97,17.73,"IBGE/SIDRA - Tabelas 6909, 9397 e 9541 (Censo 2022), com leitura por metadados",IBGE/SIDRA - Tabela 9543 (Censo 2022),"IBGE/SIDRA - Tabela 10061 (Censo 2022), com leitura por metadados",IBGE/SIDRA - Censo 2022: Tabelas 10295 e 10296,sistema_antigo_cache_ibge_censo_2022,"Dados recuperados do cache do sistema antigo, com fontes IBGE/Censo 2022 já consolidadas na versão anterior."
5106851,Porto Estrela - MT,53.91,,100.0,25.53,100.0,30.14,77.76,22.24,58.2,28.3,64.95,3224.0,14.89,43.49,49.53,"IBGE/SIDRA - Tabelas 6909, 9397 e 9541 (Censo 2022), com leitura por metadados",IBGE/SIDRA - Tabela 9543 (Censo 2022),"IBGE/SIDRA - Tabela 10061 (Censo 2022), com leitura por metadados",IBGE/SIDRA - Censo 2022: Tabelas 10295 e 10296,sistema_antigo_cache_ibge_censo_2022,"Dados recuperados do cache do sistema antigo, com fontes IBGE/Censo 2022 já consolidadas na versão anterior."
5102678,Campo Verde - MT,88.52,,100.0,100.0,100.0,2.87,95.51,4.49,31.57,43.87,43.85,44448.0,5.09,17.18,12.77,"IBGE/SIDRA - Tabelas 6909, 9397 e 9541 (Censo 2022), com leitura por metadados",IBGE/SIDRA - Tabela 9543 (Censo 2022),"IBGE/SIDRA - Tabela 10061 (Censo 2022), com leitura por metadados",IBGE/SIDRA - Censo 2022: Tabelas 10295 e 10296,sistema_antigo_cache_ibge_censo_2022,"Dados recuperados do cache do sistema antigo, com fontes IBGE/Censo 2022 já consolidadas na versão anterior."
5108600,Vila Rica - MT,21.85,,100.0,27.44,100.0,37.68,92.18,7.82,39.69,40.48,49.61,19679.0,3.92,19.75,28.11,"IBGE/SIDRA - Tabelas 6909, 9397 e 9541 (Censo 2022), com leitura por metadados",IBGE/SIDRA - Tabela 9543 (Censo 2022),"IBGE/SIDRA - Tabela 10061 (Censo 2022), com leitura por metadados",IBGE/SIDRA - Censo 2022: Tabelas 10295 e 10296,sistema_antigo_cache_ibge_censo_2022,"Dados recuperados do cache do sistema antigo, com fontes IBGE/Censo 2022 já consolidadas na versão anterior."
5105903,Nobres - MT,86.41,,100.0,88.31,100.0,6.32,91.78,8.22,39.43,46.8,46.31,15417.0,5.46,22.17,13.23,"IBGE/SIDRA - Tabelas 6909, 9397 e 9541 (Censo 2022), com leitura por metadados",IBGE/SIDRA - Tabela 9543 (Censo 2022),"IBGE/SIDRA - Tabela 10061 (Censo 2022), com leitura por metadados",IBGE/SIDRA - Censo 2022: Tabelas 10295 e 10296,sistema_antigo_cache_ibge_censo_2022,"Dados recuperados do cache do sistema antigo, com fontes IBGE/Censo 2022 já consolidadas na versão anterior."
5105580,Marcelândia - MT,73.17,,100.0,13.61,100.0,28.3,93.32,6.68,47.1,34.26,56.42,11376.0,6.97,24.57,28.83,"IBGE/SIDRA - Tabelas 6909, 9397 e 9541 (Censo 2022), com leitura por metadados",IBGE/SIDRA - Tabela 9543 (Censo 2022),"IBGE/SIDRA - Tabela 10061 (Censo 2022), com leitura por metadados",IBGE/SIDRA - Censo 2022: Tabelas 10295 e 10296,sistema_antigo_cache_ibge_censo_2022,"Dados recuperados do cache do sistema antigo, com fontes IBGE/Censo 2022 já consolidadas na versão anterior."
5106281,Novo São Joaquim - MT,63.86,,100.0,59.69,100.0,19.11,90.27,9.73,46.5,35.69,55.41,6819.0,4.18,15.43,39.54,"IBGE/SIDRA - Tabelas 6909, 9397 e 9541 (Censo 2022), com leitura por metadados",IBGE/SIDRA - Tabela 9543 (Censo 2022),"IBGE/SIDRA - Tabela 10061 (Censo 2022), com leitura por metadados",IBGE/SIDRA - Censo 2022: Tabelas 10295 e 10296,sistema_antigo_cache_ibge_censo_2022,"Dados recuperados do cache do sistema antigo, com fontes IBGE/Censo 2022 já consolidadas na versão anterior."
5108105,Tesouro - MT,74.38,,100.0,61.07,100.0,16.14,89.55,10.45,40.85,39.96,50.45,3023.0,6.25,25.97,26.61,"IBGE/SIDRA - Tabelas 6909, 9397 e 9541 (Censo 2022), com leitura por metadados",IBGE/SIDRA - Tabela 9543 (Censo 2022),"IBGE/SIDRA - Tabela 10061 (Censo 2022), com leitura por metadados",IBGE/SIDRA - Censo 2022: Tabelas 10295 e 10296,sistema_antigo_cache_ibge_censo_2022,"Dados recuperados do cache do sistema antigo, com fontes IBGE/Censo 2022 já consolidadas na versão anterior."
5107297,São José do Povo - MT,44.14,,100.0,0.87,100.0,38.75,88.61,11.39,49.72,38.05,55.84,2875.0,3.62,22.82,52.52,"IBGE/SIDRA - Tabelas 6909, 9397 e 9541 (Censo 2022), com leitura por metadados",IBGE/SIDRA - Tabela 9543 (Censo 2022),"IBGE/SIDRA - Tabela 10061 (Censo 2022), com leitura por metadados",IBGE/SIDRA - Censo 2022: Tabelas 10295 e 10296,sistema_antigo_cache_ibge_censo_2022,"Dados recuperados do cache do sistema antigo, com fontes IBGE/Censo 2022 já consolidadas na versão anterior."
5100250,Alta Floresta - MT,72.32,,100.0,76.12,100.0,12.89,94.2,5.8,34.21,47.5,43.36,58428.0,3.1,13.39,12.29,"IBGE/SIDRA - Tabelas 6909, 9397 e 9541 (Censo 2022), com leitura por metadados",IBGE/SIDRA - Tabela 9543 (Censo 2022),"IBGE/SIDRA - Tabela 10061 (Censo 2022), com leitura por metadados",IBGE/SIDRA - Censo 2022: Tabelas 10295 e 10296,sistema_antigo_cache_ibge_censo_2022,"Dados recuperados do cache do sistema antigo, com fontes IBGE/Censo 2022 já consolidadas na versão anterior."
5104609,Itiquira - MT,73.04,,100.0,43.58,100.0,20.84,93.53,6.47,44.44,39.86,52.29,12177.0,5.31,21.19,30.46,"IBGE/SIDRA - Tabelas 6909, 9397 e 9541 (Censo 2022), com leitura por metadados",IBGE/SIDRA - Tabela 9543 (Censo 2022),"IBGE/SIDRA - Tabela 10061 (Censo 2022), com leitura por metadados",IBGE/SIDRA - Censo 2022: Tabelas 10295 e 10296,sistema_antigo_cache_ibge_censo_2022,"Dados recuperados do cache do sistema antigo, com fontes IBGE/Censo 2022 já consolidadas na versão anterior."
5106208,Nova Brasilândia - MT,72.85,,100.0,2.49,100.0,31.17,79.79,20.21,65.79,21.34,72.22,3894.0,6.81,23.91,28.76,"IBGE/SIDRA - Tabelas 6909, 9397 e 9541 (Censo 2022), com leitura por metadados",IBGE/SIDRA - Tabela 9543 (Censo 2022),"IBGE/SIDRA - Tabela 10061 (Censo 2022), com leitura por metadados",IBGE/SIDRA - Censo 2022: Tabelas 10295 e 10296,sistema_antigo_cache_ibge_censo_2022,"Dados recuperados do cache do sistema antigo, com fontes IBGE/Censo 2022 já consolidadas na versão anterior."
5107941,Tabaporã - MT,66.79,,100.0,15.72,100.0,29.37,92.94,7.06,43.12,41.21,50.95,9636.0,2.62,17.75,48.93,"IBGE/SIDRA - Tabelas 6909, 9397 e 9541 (Censo 2022), com leitura por metadados",IBGE/SIDRA - Tabela 9543 (Censo 2022),"IBGE/SIDRA - Tabela 10061 (Censo 2022), com leitura por metadados",IBGE/SIDRA - Censo 2022: Tabelas 10295 e 10296,sistema_antigo_cache_ibge_censo_2022,"Dados recuperados do cache do sistema antigo, com fontes IBGE/Censo 2022 já consolidadas na versão anterior."
5106182,Nova Lacerda - MT,52.93,,100.0,16.77,100.0,32.58,89.95,10.05,47.03,31.73,57.65,6667.0,7.86,22.33,48.71,"IBGE/SIDRA - Tabelas 6909, 9397 e 9541 (Censo 2022), com leitura por metadados",IBGE/SIDRA - Tabela 9543 (Censo 2022),"IBGE/SIDRA - Tabela 10061 (Censo 2022), com leitura por metadados",IBGE/SIDRA - Censo 2022: Tabelas 10295 e 10296,sistema_antigo_cache_ibge_censo_2022,"Dados recuperados do cache do sistema antigo, com fontes IBGE/Censo 2022 já consolidadas na versão anterior."
5102793,Carlinda - MT,49.39,,100.0,16.66,100.0,33.49,87.71,12.29,48.71,34.83,56.94,10296.0,5.07,19.55,40.78,"IBGE/SIDRA - Tabelas 6909, 9397 e 9541 (Censo 2022), com leitura por metadados",IBGE/SIDRA - Tabela 9543 (Censo 2022),"IBGE/SIDRA - Tabela 10061 (Censo 2022), com leitura por metadados",IBGE/SIDRA - Censo 2022: Tabelas 10295 e 10296,sistema_antigo_cache_ibge_censo_2022,"Dados recuperados do cache do sistema antigo, com fontes IBGE/Censo 2022 já consolidadas na versão anterior."
5106372,Pedra Preta - MT,83.98,,100.0,59.2,100.0,14.2,90.46,9.54,41.28,41.0,50.14,,4.69,17.45,22.94,"IBGE/SIDRA - Tabelas 6909, 9397 e 9541 (Censo 2022), com leitura por metadados",IBGE/SIDRA - Tabela 9543 (Censo 2022),"IBGE/SIDRA - Tabela 10061 (Censo 2022), com leitura por metadados",IBGE/SIDRA - Censo 2022: Tabelas 10295 e 10296,sistema_antigo_cache_ibge_censo_2022,"Dados recuperados do cache do sistema antigo, com fontes IBGE/Censo 2022 já consolidadas na versão anterior."
5107750,Salto do Céu - MT,54.85,,100.0,5.77,100.0,34.84,88.99,11.01,45.93,42.74,51.59,3670.0,2.78,18.64,43.82,"IBGE/SIDRA - Tabelas 6909, 9397 e 9541 (Censo 2022), com leitura por metadados",IBGE/SIDRA - Tabela 9543 (Censo 2022),"IBGE/SIDRA - Tabela 10061 (Censo 2022), com leitura por metadados",IBGE/SIDRA - Censo 2022: Tabelas 10295 e 10296,sistema_antigo_cache_ibge_censo_2022,"Dados recuperados do cache do sistema antigo, com fontes IBGE/Censo 2022 já consolidadas na versão anterior."
5103957,Glória D'Oeste - MT,58.46,,100.0,4.81,100.0,34.18,89.13,10.87,41.8,41.63,50.08,2888.0,9.83,31.3,30.22,"IBGE/SIDRA - Tabelas 6909, 9397 e 9541 (Censo 2022), com leitura por metadados",IBGE/SIDRA - Tabela 9543 (Censo 2022),"IBGE/SIDRA - Tabela 10061 (Censo 2022), com leitura por metadados",IBGE/SIDRA - Censo 2022: Tabelas 10295 e 10296,sistema_antigo_cache_ibge_censo_2022,"Dados recuperados do cache do sistema antigo, com fontes IBGE/Censo 2022 já consolidadas na versão anterior."
5107792,Santo Antônio do Leste - MT,59.74,,100.0,8.29,100.0,32.99,93.53,6.47,45.61,37.2,54.2,4097.0,16.28,31.66,37.81,"IBGE/SIDRA - Tabelas 6909, 9397 e 9541 (Censo 2022), com leitura por metadados",IBGE/SIDRA - Tabela 9543 (Censo 2022),"IBGE/SIDRA - Tabela 10061 (Censo 2022), com leitura por metadados",IBGE/SIDRA - Censo 2022: Tabelas 10295 e 10296,sistema_antigo_cache_ibge_censo_2022,"Dados recuperados do cache do sistema antigo, com fontes IBGE/Censo 2022 já consolidadas na versão anterior."
5108352,Vale de São Domingos - MT,44.94,,100.0,40.01,100.0,28.76,88.47,11.53,49.61,37.26,56.17,2904.0,5.13,19.97,73.69,"IBGE/SIDRA - Tabelas 6909, 9397 e 9541 (Censo 2022), com leitura por metadados",IBGE/SIDRA - Tabela 9543 (Censo 2022),"IBGE/SIDRA - Tabela 10061 (Censo 2022), com leitura por metadados",IBGE/SIDRA - Censo 2022: Tabelas 10295 e 10296,sistema_antigo_cache_ibge_censo_2022,"Dados recuperados do cache do sistema antigo, com fontes IBGE/Censo 2022 já consolidadas na versão anterior."
5107925,Sorriso - MT,92.43,,100.0,76.16,100.0,7.85,96.0,4.0,28.1,50.8,38.65,110032.0,2.81,12.06,5.39,"IBGE/SIDRA - Tabelas 6909, 9397 e 9541 (Censo 2022), com leitura por metadados",IBGE/SIDRA - Tabela 9543 (Censo 2022),"IBGE/SIDRA - Tabela 10061 (Censo 2022), com leitura por metadados",IBGE/SIDRA - Censo 2022: Tabelas 10295 e 10296,sistema_antigo_cache_ibge_censo_2022,"Dados recuperados do cache do sistema antigo, com fontes IBGE/Censo 2022 já consolidadas na versão anterior."
5106299,Paranaíta - MT,58.39,,100.0,7.77,100.0,33.46,91.15,8.85,47.72,34.37,56.67,11606.0,5.03,18.42,37.55,"IBGE/SIDRA - Tabelas 6909, 9397 e 9541 (Censo 2022), com leitura por metadados",IBGE/SIDRA - Tabela 9543 (Censo 2022),"IBGE/SIDRA - Tabela 10061 (Censo 2022), com leitura por metadados",IBGE/SIDRA - Censo 2022: Tabelas 10295 e 10296,sistema_antigo_cache_ibge_censo_2022,"Dados recuperados do cache do sistema antigo, com fontes IBGE/Censo 2022 já consolidadas na versão anterior."
5108204,Torixoréu - MT,73.92,,100.0,44.15,100.0,20.48,89.07,10.93,45.83,39.2,53.31,4141.0,3.74,18.13,26.71,"IBGE/SIDRA - Tabelas 6909, 9397 e 9541 (Censo 2022), com leitura por metadados",IBGE/SIDRA - Tabela 9543 (Censo 2022),"IBGE/SIDRA - Tabela 10061 (Censo 2022), com leitura por metadados",IBGE/SIDRA - Censo 2022: Tabelas 10295 e 10296,sistema_antigo_cache_ibge_censo_2022,"Dados recuperados do cache do sistema antigo, com fontes IBGE/Censo 2022 já consolidadas na versão anterior."
5101001,Araguaiana - MT,68.56,,100.0,3.0,100.0,32.11,91.3,8.7,39.52,42.98,48.27,3795.0,4.01,21.93,33.1,"IBGE/SIDRA - Tabelas 6909, 9397 e 9541 (Censo 2022), com leitura por metadados",IBGE/SIDRA - Tabela 9543 (Censo 2022),"IBGE/SIDRA - Tabela 10061 (Censo 2022), com leitura por metadados",IBGE/SIDRA - Censo 2022: Tabelas 10295 e 10296,sistema_antigo_cache_ibge_censo_2022,"Dados recuperados do cache do sistema antigo, com fontes IBGE/Censo 2022 já consolidadas na versão anterior."
5102637,Campo Novo do Parecis - MT,93.3,,100.0,77.62,100.0,7.27,95.7,4.3,31.76,47.94,41.91,45345.0,3.18,15.1,6.52,"IBGE/SIDRA - Tabelas 6909, 9397 e 9541 (Censo 2022), com leitura por metadados",IBGE/SIDRA - Tabela 9543 (Censo 2022),"IBGE/SIDRA - Tabela 10061 (Censo 2022), com leitura por metadados",IBGE/SIDRA - Censo 2022: Tabelas 10295 e 10296,sistema_antigo_cache_ibge_censo_2022,"Dados recuperados do cache do sistema antigo, com fontes IBGE/Censo 2022 já consolidadas na versão anterior."
5104104,Guarantã do Norte - MT,74.18,,100.0,60.3,100.0,16.38,94.03,5.97,37.7,46.84,45.43,31006.0,3.48,18.81,15.31,"IBGE/SIDRA - Tabelas 6909, 9397 e 9541 (Censo 2022), com leitura por metadados",IBGE/SIDRA - Tabela 9543 (Censo 2022),"IBGE/SIDRA - Tabela 10061 (Censo 2022), com leitura por metadados",IBGE/SIDRA - Censo 2022: Tabelas 10295 e 10296,sistema_antigo_cache_ibge_censo_2022,"Dados recuperados do cache do sistema antigo, com fontes IBGE/Censo 2022 já consolidadas na versão anterior."
5104203,Guiratinga - MT,83.45,,100.0,100.0,100.0,4.14,90.73,9.27,43.75,41.45,51.15,10750.0,4.01,20.48,17.16,"IBGE/SIDRA - Tabelas 6909, 9397 e 9541 (Censo 2022), com leitura por metadados",IBGE/SIDRA - Tabela 9543 (Censo 2022),"IBGE/SIDRA - Tabela 10061 (Censo 2022), com leitura por metadados",IBGE/SIDRA - Censo 2022: Tabelas 10295 e 10296,sistema_antigo_cache_ibge_censo_2022,"Dados recuperados do cache do sistema antigo, com fontes IBGE/Censo 2022 já consolidadas na versão anterior."
5107354,São José do Xingu - MT,82.12,,100.0,14.98,100.0,25.72,92.59,7.41,31.72,39.22,46.25,5933.0,7.87,25.48,22.08,"IBGE/SIDRA - Tabelas 6909, 9397 e 9541 (Censo 2022), com leitura por metadados",IBGE/SIDRA - Tabela 9543 (Censo 2022),"IBGE/SIDRA - Tabela 10061 (Censo 2022), com leitura por metadados",IBGE/SIDRA - Censo 2022: Tabelas 10295 e 10296,sistema_antigo_cache_ibge_censo_2022,"Dados recuperados do cache do sistema antigo, com fontes IBGE/Censo 2022 já consolidadas na versão anterior."
5103361,Conquista D'Oeste - MT,70.48,,100.0,12.78,100.0,29.18,91.0,9.0,39.86,45.58,47.14,3754.0,6.63,22.99,34.68,"IBGE/SIDRA - Tabelas 6909, 9397 e 9541 (Censo 2022), com leitura por metadados",IBGE/SIDRA - Tabela 9543 (Censo 2022),"IBGE/SIDRA - Tabela 10061 (Censo 2022), com leitura por metadados",IBGE/SIDRA - Censo 2022: Tabelas 10295 e 10296,sistema_antigo_cache_ibge_censo_2022,"Dados recuperados do cache do sistema antigo, com fontes IBGE/Censo 2022 já consolidadas na versão anterior."
5105309,Luciara - MT,76.51,,100.0,7.16,100.0,29.08,91.3,8.7,29.58,54.93,37.33,2509.0,15.78,36.47,25.91,"IBGE/SIDRA - Tabelas 6909, 9397 e 9541 (Censo 2022), com leitura por metadados",IBGE/SIDRA - Tabela 9543 (Censo 2022),"IBGE/SIDRA - Tabela 10061 (Censo 2022), com leitura por metadados",IBGE/SIDRA - Censo 2022: Tabelas 10295 e 10296,sistema_antigo_cache_ibge_censo_2022,"Dados recuperados do cache do sistema antigo, com fontes IBGE/Censo 2022 já consolidadas na versão anterior."
5102850,Castanheira - MT,49.9,,100.0,4.61,100.0,36.37,91.54,8.46,46.65,35.74,55.45,7466.0,3.72,26.96,50.83,"IBGE/SIDRA - Tabelas 6909, 9397 e 9541 (Censo 2022), com leitura por metadados",IBGE/SIDRA - Tabela 9543 (Censo 2022),"IBGE/SIDRA - Tabela 10061 (Censo 2022), com leitura por metadados",IBGE/SIDRA - Censo 2022: Tabelas 10295 e 10296,sistema_antigo_cache_ibge_censo_2022,"Dados recuperados do cache do sistema antigo, com fontes IBGE/Censo 2022 já consolidadas na versão anterior."
5100102,Acorizal - MT,68.09,,100.0,16.27,100.0,28.91,89.57,10.43,40.32,43.2,48.56,4987.0,7.46,26.43,40.39,"IBGE/SIDRA - Tabelas 6909, 9397 e 9541 (Censo 2022), com leitura por metadados",IBGE/SIDRA - Tabela 9543 (Censo 2022),"IBGE/SIDRA - Tabela 10061 (Censo 2022), com leitura por metadados",IBGE/SIDRA - Censo 2022: Tabelas 10295 e 10296,sistema_antigo_cache_ibge_censo_2022,"Dados recuperados do cache do sistema antigo, com fontes IBGE/Censo 2022 já consolidadas na versão anterior."
5103502,Diamantino - MT,81.21,,100.0,74.66,100.0,11.03,93.62,6.38,28.9,53.54,37.68,21780.0,4.22,18.08,20.08,"IBGE/SIDRA - Tabelas 6909, 9397 e 9541 (Censo 2022), com leitura por metadados",IBGE/SIDRA - Tabela 9543 (Censo 2022),"IBGE/SIDRA - Tabela 10061 (Censo 2022), com leitura por metadados",IBGE/SIDRA - Censo 2022: Tabelas 10295 e 10296,sistema_antigo_cache_ibge_censo_2022,"Dados recuperados do cache do sistema antigo, com fontes IBGE/Censo 2022 já consolidadas na versão anterior."
5103106,Cocalinho - MT,53.77,,100.0,9.6,100.0,34.16,89.4,10.6,46.64,31.22,57.71,6200.0,3.68,20.23,36.05,"IBGE/SIDRA - Tabelas 6909, 9397 e 9541 (Censo 2022), com leitura por metadados",IBGE/SIDRA - Tabela 9543 (Censo 2022),"IBGE/SIDRA - Tabela 10061 (Censo 2022), com leitura por metadados",IBGE/SIDRA - Censo 2022: Tabelas 10295 e 10296,sistema_antigo_cache_ibge_censo_2022,"Dados recuperados do cache do sistema antigo, com fontes IBGE/Censo 2022 já consolidadas na versão anterior."
5107883,Serra Nova Dourada - MT,10.06,,100.0,1.17,100.0,47.19,90.84,9.16,47.02,31.73,57.64,1792.0,1.84,12.0,52.28,"IBGE/SIDRA - Tabelas 6909, 9397 e 9541 (Censo 2022), com leitura por metadados",IBGE/SIDRA - Tabela 9543 (Censo 2022),"IBGE/SIDRA - Tabela 10061 (Censo 2022), com leitura por metadados",IBGE/SIDRA - Censo 2022: Tabelas 10295 e 10296,sistema_antigo_cache_ibge_censo_2022,"Dados recuperados do cache do sistema antigo, com fontes IBGE/Censo 2022 já consolidadas na versão anterior."
5105606,Matupá - MT,73.66,,100.0,70.25,100.0,14.02,93.21,6.79,32.37,49.61,41.38,20026.0,2.65,15.39,19.71,"IBGE/SIDRA - Tabelas 6909, 9397 e 9541 (Censo 2022), com leitura por metadados",IBGE/SIDRA - Tabela 9543 (Censo 2022),"IBGE/SIDRA - Tabela 10061 (Censo 2022), com leitura por metadados",IBGE/SIDRA - Censo 2022: Tabelas 10295 e 10296,sistema_antigo_cache_ibge_censo_2022,"Dados recuperados do cache do sistema antigo, com fontes IBGE/Censo 2022 já consolidadas na versão anterior."
5105176,Juruena - MT,64.83,,100.0,11.16,100.0,31.0,91.17,8.83,46.84,35.12,55.86,10196.0,2.55,18.22,26.83,"IBGE/SIDRA - Tabelas 6909, 9397 e 9541 (Censo 2022), com leitura por metadados",IBGE/SIDRA - Tabela 9543 (Censo 2022),"IBGE/SIDRA - Tabela 10061 (Censo 2022), com leitura por metadados",IBGE/SIDRA - Censo 2022: Tabelas 10295 e 10296,sistema_antigo_cache_ibge_censo_2022,"Dados recuperados do cache do sistema antigo, com fontes IBGE/Censo 2022 já consolidadas na versão anterior."
5105002,Jauru - MT,62.72,,100.0,64.85,100.0,18.11,87.08,12.92,47.52,38.36,54.58,8328.0,4.51,18.03,33.55,"IBGE/SIDRA - Tabelas 6909, 9397 e 9541 (Censo 2022), com leitura por metadados",IBGE/SIDRA - Tabela 9543 (Censo 2022),"IBGE/SIDRA - Tabela 10061 (Censo 2022), com leitura por metadados",IBGE/SIDRA - Censo 2022: Tabelas 10295 e 10296,sistema_antigo_cache_ibge_censo_2022,"Dados recuperados do cache do sistema antigo, com fontes IBGE/Censo 2022 já consolidadas na versão anterior."
5100508,Alto Paraguai - MT,72.5,,100.0,41.95,100.0,21.39,90.6,9.4,49.94,34.6,57.67,8009.0,12.59,32.74,33.09,"IBGE/SIDRA - Tabelas 6909, 9397 e 9541 (Censo 2022), com leitura por metadados",IBGE/SIDRA - Tabela 9543 (Censo 2022),"IBGE/SIDRA - Tabela 10061 (Censo 2022), com leitura por metadados",IBGE/SIDRA - Censo 2022: Tabelas 10295 e 10296,sistema_antigo_cache_ibge_censo_2022,"Dados recuperados do cache do sistema antigo, com fontes IBGE/Censo 2022 já consolidadas na versão anterior."
5102694,Canabrava do Norte - MT,15.0,,100.0,8.31,100.0,44.17,91.09,8.91,43.03,41.07,50.98,4459.0,3.52,18.12,37.97,"IBGE/SIDRA - Tabelas 6909, 9397 e 9541 (Censo 2022), com leitura por metadados",IBGE/SIDRA - Tabela 9543 (Censo 2022),"IBGE/SIDRA - Tabela 10061 (Censo 2022), com leitura por metadados",IBGE/SIDRA - Censo 2022: Tabelas 10295 e 10296,sistema_antigo_cache_ibge_censo_2022,"Dados recuperados do cache do sistema antigo, com fontes IBGE/Censo 2022 já consolidadas na versão anterior."
5101852,Bom Jesus do Araguaia - MT,3.37,,100.0,20.54,100.0,44.02,93.6,6.4,46.26,36.29,54.98,7221.0,5.57,19.9,47.12,"IBGE/SIDRA - Tabelas 6909, 9397 e 9541 (Censo 2022), com leitura por metadados",IBGE/SIDRA - Tabela 9543 (Censo 2022),"IBGE/SIDRA - Tabela 10061 (Censo 2022), com leitura por metadados",IBGE/SIDRA - Censo 2022: Tabelas 10295 e 10296,sistema_antigo_cache_ibge_censo_2022,"Dados recuperados do cache do sistema antigo, com fontes IBGE/Censo 2022 já consolidadas na versão anterior."
5106265,Novo Mundo - MT,39.87,,100.0,31.54,100.0,32.15,94.7,5.3,38.65,46.29,46.18,6484.0,4.33,23.93,59.36,"IBGE/SIDRA - Tabelas 6909, 9397 e 9541 (Censo 2022), com leitura por metadados",IBGE/SIDRA - Tabela 9543 (Censo 2022),"IBGE/SIDRA - Tabela 10061 (Censo 2022), com leitura por metadados",IBGE/SIDRA - Censo 2022: Tabelas 10295 e 10296,sistema_antigo_cache_ibge_censo_2022,"Dados recuperados do cache do sistema antigo, com fontes IBGE/Censo 2022 já consolidadas na versão anterior."
5106315,Novo Santo Antônio - MT,21.24,,100.0,13.4,100.0,41.34,92.94,7.06,43.5,40.03,51.73,2006.0,8.47,27.76,32.56,"IBGE/SIDRA - Tabelas 6909, 9397 e 9541 (Censo 2022), com leitura por metadados",IBGE/SIDRA - Tabela 9543 (Censo 2022),"IBGE/SIDRA - Tabela 10061 (Censo 2022), com leitura por metadados",IBGE/SIDRA - Censo 2022: Tabelas 10295 e 10296,sistema_antigo_cache_ibge_censo_2022,"Dados recuperados do cache do sistema antigo, com fontes IBGE/Censo 2022 já consolidadas na versão anterior."
5107909,Sinop - MT,88.9,,100.0,62.66,100.0,12.11,96.57,3.43,27.78,55.16,36.31,195331.0,2.74,12.7,2.99,"IBGE/SIDRA - Tabelas 6909, 9397 e 9541 (Censo 2022), com leitura por metadados",IBGE/SIDRA - Tabela 9543 (Censo 2022),"IBGE/SIDRA - Tabela 10061 (Censo 2022), com leitura por metadados",IBGE/SIDRA - Censo 2022: Tabelas 10295 e 10296,sistema_antigo_cache_ibge_censo_2022,"Dados recuperados do cache do sistema antigo, com fontes IBGE/Censo 2022 já consolidadas na versão anterior."
5106778,Porto Alegre do Norte - MT,54.89,,100.0,20.46,100.0,31.16,91.93,8.07,41.91,41.58,50.16,12022.0,6.33,23.81,30.41,"IBGE/SIDRA - Tabelas 6909, 9397 e 9541 (Censo 2022), com leitura por metadados",IBGE/SIDRA - Tabela 9543 (Censo 2022),"IBGE/SIDRA - Tabela 10061 (Censo 2022), com leitura por metadados",IBGE/SIDRA - Censo 2022: Tabelas 10295 e 10296,sistema_antigo_cache_ibge_censo_2022,"Dados recuperados do cache do sistema antigo, com fontes IBGE/Censo 2022 já consolidadas na versão anterior."
5102686,Campos de Júlio - MT,74.24,,100.0,71.97,100.0,13.45,94.15,5.85,37.73,46.17,45.78,8596.0,3.27,15.71,20.19,"IBGE/SIDRA - Tabelas 6909, 9397 e 9541 (Censo 2022), com leitura por metadados",IBGE/SIDRA - Tabela 9543 (Censo 2022),"IBGE/SIDRA - Tabela 10061 (Censo 2022), com leitura por metadados",IBGE/SIDRA - Censo 2022: Tabelas 10295 e 10296,sistema_antigo_cache_ibge_censo_2022,"Dados recuperados do cache do sistema antigo, com fontes IBGE/Censo 2022 já consolidadas na versão anterior."
5103601,Dom Aquino - MT,81.83,,100.0,74.88,100.0,10.82,88.76,11.24,46.13,41.78,52.17,7783.0,5.37,22.78,20.62,"IBGE/SIDRA - Tabelas 6909, 9397 e 9541 (Censo 2022), com leitura por metadados",IBGE/SIDRA - Tabela 9543 (Censo 2022),"IBGE/SIDRA - Tabela 10061 (Censo 2022), com leitura por metadados",IBGE/SIDRA - Censo 2022: Tabelas 10295 e 10296,sistema_antigo_cache_ibge_censo_2022,"Dados recuperados do cache do sistema antigo, com fontes IBGE/Censo 2022 já consolidadas na versão anterior."
5106802,Porto dos Gaúchos - MT,75.08,,100.0,57.34,100.0,16.89,93.84,6.16,34.94,48.95,42.99,5542.0,4.62,16.15,39.37,"IBGE/SIDRA - Tabelas 6909, 9397 e 9541 (Censo 2022), com leitura por metadados",IBGE/SIDRA - Tabela 9543 (Censo 2022),"IBGE/SIDRA - Tabela 10061 (Censo 2022), com leitura por metadados",IBGE/SIDRA - Censo 2022: Tabelas 10295 e 10296,sistema_antigo_cache_ibge_censo_2022,"Dados recuperados do cache do sistema antigo, com fontes IBGE/Censo 2022 já consolidadas na versão anterior."
5106273,Novo Horizonte do Norte - MT,58.28,,100.0,34.64,100.0,26.77,88.21,11.79,49.87,35.55,57.16,3349.0,2.24,15.17,41.24,"IBGE/SIDRA - Tabelas 6909, 9397 e 9541 (Censo 2022), com leitura por metadados",IBGE/SIDRA - Tabela 9543 (Censo 2022),"IBGE/SIDRA - Tabela 10061 (Censo 2022), com leitura por metadados",IBGE/SIDRA - Censo 2022: Tabelas 10295 e 10296,sistema_antigo_cache_ibge_censo_2022,"Dados recuperados do cache do sistema antigo, com fontes IBGE/Censo 2022 já consolidadas na versão anterior."
5104500,Indiavaí - MT,62.59,,100.0,44.63,100.0,23.2,89.29,10.71,48.92,38.05,55.44,2197.0,4.73,23.03,26.75,"IBGE/SIDRA - Tabelas 6909, 9397 e 9541 (Censo 2022), com leitura por metadados",IBGE/SIDRA - Tabela 9543 (Censo 2022),"IBGE/SIDRA - Tabela 10061 (Censo 2022), com leitura por metadados",IBGE/SIDRA - Censo 2022: Tabelas 10295 e 10296,sistema_antigo_cache_ibge_censo_2022,"Dados recuperados do cache do sistema antigo, com fontes IBGE/Censo 2022 já consolidadas na versão anterior."
5103205,Colíder - MT,69.16,,100.0,61.08,100.0,17.44,93.13,6.87,38.62,43.17,47.72,31206.0,2.55,12.1,16.52,"IBGE/SIDRA - Tabelas 6909, 9397 e 9541 (Censo 2022), com leitura por metadados",IBGE/SIDRA - Tabela 9543 (Censo 2022),"IBGE/SIDRA - Tabela 10061 (Censo 2022), com leitura por metadados",IBGE/SIDRA - Censo 2022: Tabelas 10295 e 10296,sistema_antigo_cache_ibge_censo_2022,"Dados recuperados do cache do sistema antigo, com fontes IBGE/Censo 2022 já consolidadas na versão anterior."
5107743,Santa Cruz do Xingu - MT,71.92,,100.0,22.36,100.0,26.43,92.75,7.25,41.61,36.78,52.41,2617.0,0.76,13.6,34.2,"IBGE/SIDRA - Tabelas 6909, 9397 e 9541 (Censo 2022), com leitura por metadados",IBGE/SIDRA - Tabela 9543 (Censo 2022),"IBGE/SIDRA - Tabela 10061 (Censo 2022), com leitura por metadados",IBGE/SIDRA - Censo 2022: Tabelas 10295 e 10296,sistema_antigo_cache_ibge_censo_2022,"Dados recuperados do cache do sistema antigo, com fontes IBGE/Censo 2022 já consolidadas na versão anterior."
5105622,Mirassol d'Oeste - MT,66.31,,100.0,63.37,100.0,17.58,91.92,8.08,40.19,42.25,48.97,26549.0,6.28,22.53,15.36,"IBGE/SIDRA - Tabelas 6909, 9397 e 9541 (Censo 2022), com leitura por metadados",IBGE/SIDRA - Tabela 9543 (Censo 2022),"IBGE/SIDRA - Tabela 10061 (Censo 2022), com leitura por metadados",IBGE/SIDRA - Censo 2022: Tabelas 10295 e 10296,sistema_antigo_cache_ibge_censo_2022,"Dados recuperados do cache do sistema antigo, com fontes IBGE/Censo 2022 já consolidadas na versão anterior."
5107107,São José dos Quatro Marcos - MT,76.16,,100.0,55.29,100.0,17.14,90.8,9.2,44.46,41.21,51.62,17818.0,4.52,23.06,20.09,"IBGE/SIDRA - Tabelas 6909, 9397 e 9541 (Censo 2022), com leitura por metadados",IBGE/SIDRA - Tabela 9543 (Censo 2022),"IBGE/SIDRA - Tabela 10061 (Censo 2022), com leitura por metadados",IBGE/SIDRA - Censo 2022: Tabelas 10295 e 10296,sistema_antigo_cache_ibge_censo_2022,"Dados recuperados do cache do sistema antigo, com fontes IBGE/Censo 2022 já consolidadas na versão anterior."
5104542,Itanhangá - MT,72.84,,100.0,16.33,100.0,27.71,93.66,6.34,40.59,37.57,51.51,7491.0,3.83,15.86,38.32,"IBGE/SIDRA - Tabelas 6909, 9397 e 9541 (Censo 2022), com leitura por metadados",IBGE/SIDRA - Tabela 9543 (Censo 2022),"IBGE/SIDRA - Tabela 10061 (Censo 2022), com leitura por metadados",IBGE/SIDRA - Censo 2022: Tabelas 10295 e 10296,sistema_antigo_cache_ibge_censo_2022,"Dados recuperados do cache do sistema antigo, com fontes IBGE/Censo 2022 já consolidadas na versão anterior."
5105259,Lucas do Rio Verde - MT,94.6,,100.0,100.0,100.0,1.35,97.16,2.84,26.47,52.05,37.21,83559.0,2.39,10.33,3.79,"IBGE/SIDRA - Tabelas 6909, 9397 e 9541 (Censo 2022), com leitura por metadados",IBGE/SIDRA - Tabela 9543 (Censo 2022),"IBGE/SIDRA - Tabela 10061 (Censo 2022), com leitura por metadados",IBGE/SIDRA - Censo 2022: Tabelas 10295 e 10296,sistema_antigo_cache_ibge_censo_2022,"Dados recuperados do cache do sistema antigo, com fontes IBGE/Censo 2022 já consolidadas na versão anterior."
5107156,Reserva do Cabaçal - MT,77.01,,100.0,14.54,100.0,27.11,89.31,10.69,41.24,45.88,47.68,2122.0,5.09,24.74,27.9,"IBGE/SIDRA - Tabelas 6909, 9397 e 9541 (Censo 2022), com leitura por metadados",IBGE/SIDRA - Tabela 9543 (Censo 2022),"IBGE/SIDRA - Tabela 10061 (Censo 2022), com leitura por metadados",IBGE/SIDRA - Censo 2022: Tabelas 10295 e 10296,sistema_antigo_cache_ibge_censo_2022,"Dados recuperados do cache do sistema antigo, com fontes IBGE/Censo 2022 já consolidadas na versão anterior."
5104906,Jangada - MT,76.77,,100.0,3.92,100.0,29.83,82.95,17.05,41.95,45.82,48.06,7426.0,10.18,31.55,50.23,"IBGE/SIDRA - Tabelas 6909, 9397 e 9541 (Censo 2022), com leitura por metadados",IBGE/SIDRA - Tabela 9543 (Censo 2022),"IBGE/SIDRA - Tabela 10061 (Censo 2022), com leitura por metadados",IBGE/SIDRA - Censo 2022: Tabelas 10295 e 10296,sistema_antigo_cache_ibge_censo_2022,"Dados recuperados do cache do sistema antigo, com fontes IBGE/Censo 2022 já consolidadas na versão anterior."
5100359,Alto Boa Vista - MT,68.58,,100.0,63.56,100.0,16.96,91.59,8.41,33.97,45.04,44.47,5703.0,15.66,33.21,32.81,"IBGE/SIDRA - Tabelas 6909, 9397 e 9541 (Censo 2022), com leitura por metadados",IBGE/SIDRA - Tabela 9543 (Censo 2022),"IBGE/SIDRA - Tabela 10061 (Censo 2022), com leitura por metadados",IBGE/SIDRA - Censo 2022: Tabelas 10295 e 10296,sistema_antigo_cache_ibge_censo_2022,"Dados recuperados do cache do sistema antigo, com fontes IBGE/Censo 2022 já consolidadas na versão anterior."
5108907,Nova Maringá - MT,73.93,,100.0,46.11,100.0,19.99,91.98,8.02,43.01,35.74,53.63,5716.0,6.23,15.68,36.78,"IBGE/SIDRA - Tabelas 6909, 9397 e 9541 (Censo 2022), com leitura por metadados",IBGE/SIDRA - Tabela 9543 (Censo 2022),"IBGE/SIDRA - Tabela 10061 (Censo 2022), com leitura por metadados",IBGE/SIDRA - Censo 2022: Tabelas 10295 e 10296,sistema_antigo_cache_ibge_censo_2022,"Dados recuperados do cache do sistema antigo, com fontes IBGE/Censo 2022 já consolidadas na versão anterior."
5105234,Lambari D'Oeste - MT,66.15,,100.0,15.1,100.0,29.69,84.94,15.06,45.49,37.95,53.77,4780.0,6.59,22.22,38.14,"IBGE/SIDRA - Tabelas 6909, 9397 e 9541 (Censo 2022), com leitura por metadados",IBGE/SIDRA - Tabela 9543 (Censo 2022),"IBGE/SIDRA - Tabela 10061 (Censo 2022), com leitura por metadados",IBGE/SIDRA - Censo 2022: Tabelas 10295 e 10296,sistema_antigo_cache_ibge_censo_2022,"Dados recuperados do cache do sistema antigo, com fontes IBGE/Censo 2022 já consolidadas na versão anterior."
5108857,Nova Marilândia - MT,74.33,,100.0,73.79,100.0,12.97,91.98,8.02,35.73,45.68,45.02,3521.0,2.81,18.8,29.61,"IBGE/SIDRA - Tabelas 6909, 9397 e 9541 (Censo 2022), com leitura por metadados",IBGE/SIDRA - Tabela 9543 (Censo 2022),"IBGE/SIDRA - Tabela 10061 (Censo 2022), com leitura por metadados",IBGE/SIDRA - Censo 2022: Tabelas 10295 e 10296,sistema_antigo_cache_ibge_censo_2022,"Dados recuperados do cache do sistema antigo, com fontes IBGE/Censo 2022 já consolidadas na versão anterior."
5107768,Santa Rita do Trivelato - MT,64.97,,100.0,90.66,100.0,11.09,93.24,6.76,36.61,39.53,48.54,3254.0,4.24,21.88,44.54,"IBGE/SIDRA - Tabelas 6909, 9397 e 9541 (Censo 2022), com leitura por metadados",IBGE/SIDRA - Tabela 9543 (Censo 2022),"IBGE/SIDRA - Tabela 10061 (Censo 2022), com leitura por metadados",IBGE/SIDRA - Censo 2022: Tabelas 10295 e 10296,sistema_antigo_cache_ibge_censo_2022,"Dados recuperados do cache do sistema antigo, com fontes IBGE/Censo 2022 já consolidadas na versão anterior."
5107263,Santo Afonso - MT,62.43,,100.0,42.46,100.0,23.78,88.46,11.54,39.94,40.75,49.59,2519.0,1.59,17.95,42.83,"IBGE/SIDRA - Tabelas 6909, 9397 e 9541 (Censo 2022), com leitura por metadados",IBGE/SIDRA - Tabela 9543 (Censo 2022),"IBGE/SIDRA - Tabela 10061 (Censo 2022), com leitura por metadados",IBGE/SIDRA - Censo 2022: Tabelas 10295 e 10296,sistema_antigo_cache_ibge_censo_2022,"Dados recuperados do cache do sistema antigo, com fontes IBGE/Censo 2022 já consolidadas na versão anterior."
5101209,Araguainha - MT,88.36,,100.0,13.54,100.0,24.53,87.09,12.91,40.24,49.41,45.42,1008.0,2.98,16.37,14.65,"IBGE/SIDRA - Tabelas 6909, 9397 e 9541 (Censo 2022), com leitura por metadados",IBGE/SIDRA - Tabela 9543 (Censo 2022),"IBGE/SIDRA - Tabela 10061 (Censo 2022), com leitura por metadados",IBGE/SIDRA - Censo 2022: Tabelas 10295 e 10296,sistema_antigo_cache_ibge_censo_2022,"Dados recuperados do cache do sistema antigo, com fontes IBGE/Censo 2022 já consolidadas na versão anterior."
5108006,Tapurah - MT,79.46,,100.0,22.51,100.0,24.51,94.79,5.21,33.5,45.53,43.98,14018.0,2.73,13.83,22.51,"IBGE/SIDRA - Tabelas 6909, 9397 e 9541 (Censo 2022), com leitura por metadados",IBGE/SIDRA - Tabela 9543 (Censo 2022),"IBGE/SIDRA - Tabela 10061 (Censo 2022), com leitura por metadados",IBGE/SIDRA - Censo 2022: Tabelas 10295 e 10296,sistema_antigo_cache_ibge_censo_2022,"Dados recuperados do cache do sistema antigo, com fontes IBGE/Censo 2022 já consolidadas na versão anterior."
5107305,São José do Rio Claro - MT,83.8,,100.0,19.93,100.0,24.07,90.53,9.47,46.01,32.98,56.52,14744.0,5.39,20.56,16.58,"IBGE/SIDRA - Tabelas 6909, 9397 e 9541 (Censo 2022), com leitura por metadados",IBGE/SIDRA - Tabela 9543 (Censo 2022),"IBGE/SIDRA - Tabela 10061 (Censo 2022), com leitura por metadados",IBGE/SIDRA - Censo 2022: Tabelas 10295 e 10296,sistema_antigo_cache_ibge_censo_2022,"Dados recuperados do cache do sistema antigo, com fontes IBGE/Censo 2022 já consolidadas na versão anterior."
5104526,Ipiranga do Norte - MT,72.05,,100.0,25.09,100.0,25.71,95.83,4.17,33.32,46.86,43.23,7642.0,1.56,11.06,25.0,"IBGE/SIDRA - Tabelas 6909, 9397 e 9541 (Censo 2022), com leitura por metadados",IBGE/SIDRA - Tabela 9543 (Censo 2022),"IBGE/SIDRA - Tabela 10061 (Censo 2022), com leitura por metadados",IBGE/SIDRA - Censo 2022: Tabelas 10295 e 10296,sistema_antigo_cache_ibge_censo_2022,"Dados recuperados do cache do sistema antigo, com fontes IBGE/Censo 2022 já consolidadas na versão anterior."
5104559,Itaúba - MT,83.33,,100.0,11.12,100.0,26.39,89.91,10.09,43.99,41.08,51.45,5000.0,2.86,16.08,18.41,"IBGE/SIDRA - Tabelas 6909, 9397 e 9541 (Censo 2022), com leitura por metadados",IBGE/SIDRA - Tabela 9543 (Censo 2022),"IBGE/SIDRA - Tabela 10061 (Censo 2022), com leitura por metadados",IBGE/SIDRA - Censo 2022: Tabelas 10295 e 10296,sistema_antigo_cache_ibge_censo_2022,"Dados recuperados do cache do sistema antigo, com fontes IBGE/Censo 2022 já consolidadas na versão anterior."
5108501,Vera - MT,78.59,,100.0,18.93,100.0,25.62,92.87,7.13,42.57,41.02,50.77,12726.0,4.46,18.09,17.44,"IBGE/SIDRA - Tabelas 6909, 9397 e 9541 (Censo 2022), com leitura por metadados",IBGE/SIDRA - Tabela 9543 (Censo 2022),"IBGE/SIDRA - Tabela 10061 (Censo 2022), com leitura por metadados",IBGE/SIDRA - Censo 2022: Tabelas 10295 e 10296,sistema_antigo_cache_ibge_censo_2022,"Dados recuperados do cache do sistema antigo, com fontes IBGE/Censo 2022 já consolidadas na versão anterior."
5106190,Nova Santa Helena - MT,65.42,,100.0,1.89,100.0,33.17,91.0,9.0,44.33,35.54,54.4,4228.0,4.3,16.95,36.99,"IBGE/SIDRA - Tabelas 6909, 9397 e 9541 (Censo 2022), com leitura por metadados",IBGE/SIDRA - Tabela 9543 (Censo 2022),"IBGE/SIDRA - Tabela 10061 (Censo 2022), com leitura por metadados",IBGE/SIDRA - Censo 2022: Tabelas 10295 e 10296,sistema_antigo_cache_ibge_censo_2022,"Dados recuperados do cache do sistema antigo, com fontes IBGE/Censo 2022 já consolidadas na versão anterior."
5103809,Figueirópolis D'Oeste - MT,58.54,,100.0,1.29,100.0,35.04,91.0,9.0,44.54,42.77,50.88,3132.0,2.91,23.31,38.75,"IBGE/SIDRA - Tabelas 6909, 9397 e 9541 (Censo 2022), com leitura por metadados",IBGE/SIDRA - Tabela 9543 (Censo 2022),"IBGE/SIDRA - Tabela 10061 (Censo 2022), com leitura por metadados",IBGE/SIDRA - Censo 2022: Tabelas 10295 e 10296,sistema_antigo_cache_ibge_censo_2022,"Dados recuperados do cache do sistema antigo, com fontes IBGE/Censo 2022 já consolidadas na versão anterior."
5108808,Nova Guarita - MT,61.53,,100.0,81.51,100.0,14.24,93.1,6.9,55.06,33.61,60.73,4542.0,2.4,13.3,36.21,"IBGE/SIDRA - Tabelas 6909, 9397 e 9541 (Censo 2022), com leitura por metadados",IBGE/SIDRA - Tabela 9543 (Censo 2022),"IBGE/SIDRA - Tabela 10061 (Censo 2022), com leitura por metadados",IBGE/SIDRA - Censo 2022: Tabelas 10295 e 10296,sistema_antigo_cache_ibge_censo_2022,"Dados recuperados do cache do sistema antigo, com fontes IBGE/Censo 2022 já consolidadas na versão anterior."
5106703,Ponte Branca - MT,86.83,,100.0,1.45,100.0,27.93,86.45,13.55,48.59,37.85,55.37,,3.0,18.47,13.35,"IBGE/SIDRA - Tabelas 6909, 9397 e 9541 (Censo 2022), com leitura por metadados",IBGE/SIDRA - Tabela 9543 (Censo 2022),"IBGE/SIDRA - Tabela 10061 (Censo 2022), com leitura por metadados",IBGE/SIDRA - Censo 2022: Tabelas 10295 e 10296,sistema_antigo_cache_ibge_censo_2022,"Dados recuperados do cache do sistema antigo, com fontes IBGE/Censo 2022 já consolidadas na versão anterior."
5103437,Curvelândia - MT,26.72,,100.0,19.76,100.0,38.38,89.22,10.78,43.25,43.41,49.92,4903.0,5.61,27.56,37.12,"IBGE/SIDRA - Tabelas 6909, 9397 e 9541 (Censo 2022), com leitura por metadados",IBGE/SIDRA - Tabela 9543 (Censo 2022),"IBGE/SIDRA - Tabela 10061 (Censo 2022), com leitura por metadados",IBGE/SIDRA - Censo 2022: Tabelas 10295 e 10296,sistema_antigo_cache_ibge_censo_2022,"Dados recuperados do cache do sistema antigo, com fontes IBGE/Censo 2022 já consolidadas na versão anterior."
5106455,Planalto da Serra - MT,77.69,,100.0,1.46,100.0,30.21,91.46,8.54,53.41,33.04,60.19,3166.0,3.82,20.37,22.24,"IBGE/SIDRA - Tabelas 6909, 9397 e 9541 (Censo 2022), com leitura por metadados",IBGE/SIDRA - Tabela 9543 (Censo 2022),"IBGE/SIDRA - Tabela 10061 (Censo 2022), com leitura por metadados",IBGE/SIDRA - Censo 2022: Tabelas 10295 e 10296,sistema_antigo_cache_ibge_censo_2022,"Dados recuperados do cache do sistema antigo, com fontes IBGE/Censo 2022 já consolidadas na versão anterior."
5107040,Primavera do Leste - MT,84.26,,100.0,100.0,100.0,3.93,96.81,3.19,26.28,55.23,35.53,84644.0,3.34,12.19,4.23,"IBGE/SIDRA - Tabelas 6909, 9397 e 9541 (Censo 2022), com leitura por metadados",IBGE/SIDRA - Tabela 9543 (Censo 2022),"IBGE/SIDRA - Tabela 10061 (Censo 2022), com leitura por metadados",IBGE/SIDRA - Censo 2022: Tabelas 10295 e 10296,sistema_antigo_cache_ibge_censo_2022,"Dados recuperados do cache do sistema antigo, com fontes IBGE/Censo 2022 já consolidadas na versão anterior."
5106232,Nova Olímpia - MT,89.29,,100.0,3.06,100.0,26.91,89.2,10.8,41.34,44.46,48.44,16289.0,5.58,26.09,10.0,"IBGE/SIDRA - Tabelas 6909, 9397 e 9541 (Censo 2022), com leitura por metadados",IBGE/SIDRA - Tabela 9543 (Censo 2022),"IBGE/SIDRA - Tabela 10061 (Censo 2022), com leitura por metadados",IBGE/SIDRA - Censo 2022: Tabelas 10295 e 10296,sistema_antigo_cache_ibge_censo_2022,"Dados recuperados do cache do sistema antigo, com fontes IBGE/Censo 2022 já consolidadas na versão anterior."
5108303,União do Sul - MT,62.77,,100.0,54.22,100.0,20.75,90.78,9.22,43.58,35.81,53.88,3830.0,5.51,20.52,20.69,"IBGE/SIDRA - Tabelas 6909, 9397 e 9541 (Censo 2022), com leitura por metadados",IBGE/SIDRA - Tabela 9543 (Censo 2022),"IBGE/SIDRA - Tabela 10061 (Censo 2022), com leitura por metadados",IBGE/SIDRA - Censo 2022: Tabelas 10295 e 10296,sistema_antigo_cache_ibge_censo_2022,"Dados recuperados do cache do sistema antigo, com fontes IBGE/Censo 2022 já consolidadas na versão anterior."
5104807,Jaciara - MT,91.39,,100.0,100.0,100.0,2.15,93.35,6.65,35.64,48.7,43.47,28433.0,4.94,21.4,9.01,"IBGE/SIDRA - Tabelas 6909, 9397 e 9541 (Censo 2022), com leitura por metadados",IBGE/SIDRA - Tabela 9543 (Censo 2022),"IBGE/SIDRA - Tabela 10061 (Censo 2022), com leitura por metadados",IBGE/SIDRA - Censo 2022: Tabelas 10295 e 10296,sistema_antigo_cache_ibge_censo_2022,"Dados recuperados do cache do sistema antigo, com fontes IBGE/Censo 2022 já consolidadas na versão anterior."
5101258,Araputanga - MT,85.69,,100.0,57.43,100.0,14.22,90.57,9.43,36.82,48.01,44.41,14672.0,4.47,20.28,15.18,"IBGE/SIDRA - Tabelas 6909, 9397 e 9541 (Censo 2022), com leitura por metadados",IBGE/SIDRA - Tabela 9543 (Censo 2022),"IBGE/SIDRA - Tabela 10061 (Censo 2022), com leitura por metadados",IBGE/SIDRA - Censo 2022: Tabelas 10295 e 10296,sistema_antigo_cache_ibge_censo_2022,"Dados recuperados do cache do sistema antigo, com fontes IBGE/Censo 2022 já consolidadas na versão anterior."
5107248,Santa Carmem - MT,76.81,,100.0,52.16,100.0,17.76,93.75,6.25,41.58,38.25,51.66,5354.0,1.25,12.55,19.89,"IBGE/SIDRA - Tabelas 6909, 9397 e 9541 (Censo 2022), com leitura por metadados",IBGE/SIDRA - Tabela 9543 (Censo 2022),"IBGE/SIDRA - Tabela 10061 (Censo 2022), com leitura por metadados",IBGE/SIDRA - Censo 2022: Tabelas 10295 e 10296,sistema_antigo_cache_ibge_censo_2022,"Dados recuperados do cache do sistema antigo, com fontes IBGE/Censo 2022 já consolidadas na versão anterior."
5106000,Nortelândia - MT,83.18,,100.0,43.76,100.0,18.27,90.34,9.66,35.19,48.61,43.29,5864.0,6.38,22.29,15.8,"IBGE/SIDRA - Tabelas 6909, 9397 e 9541 (Censo 2022), com leitura por metadados",IBGE/SIDRA - Tabela 9543 (Censo 2022),"IBGE/SIDRA - Tabela 10061 (Censo 2022), com leitura por metadados",IBGE/SIDRA - Censo 2022: Tabelas 10295 e 10296,sistema_antigo_cache_ibge_censo_2022,"Dados recuperados do cache do sistema antigo, com fontes IBGE/Censo 2022 já consolidadas na versão anterior."
5107198,Ribeirãozinho - MT,87.49,,100.0,78.85,100.0,8.42,91.28,8.72,38.6,44.75,46.92,2582.0,3.06,17.24,17.35,"IBGE/SIDRA - Tabelas 6909, 9397 e 9541 (Censo 2022), com leitura por metadados",IBGE/SIDRA - Tabela 9543 (Censo 2022),"IBGE/SIDRA - Tabela 10061 (Censo 2022), com leitura por metadados",IBGE/SIDRA - Censo 2022: Tabelas 10295 e 10296,sistema_antigo_cache_ibge_censo_2022,"Dados recuperados do cache do sistema antigo, com fontes IBGE/Censo 2022 já consolidadas na versão anterior."
5103452,Denise - MT,88.35,,100.0,6.8,100.0,26.21,88.62,11.38,39.14,45.4,46.87,7014.0,4.49,24.32,11.29,"IBGE/SIDRA - Tabelas 6909, 9397 e 9541 (Censo 2022), com leitura por metadados",IBGE/SIDRA - Tabela 9543 (Censo 2022),"IBGE/SIDRA - Tabela 10061 (Censo 2022), com leitura por metadados",IBGE/SIDRA - Censo 2022: Tabelas 10295 e 10296,sistema_antigo_cache_ibge_censo_2022,"Dados recuperados do cache do sistema antigo, com fontes IBGE/Censo 2022 já consolidadas na versão anterior."
5100409,Alto Garças - MT,91.03,,100.0,8.42,100.0,25.14,94.13,5.87,38.58,42.4,48.09,12981.0,3.42,22.1,7.36,"IBGE/SIDRA - Tabelas 6909, 9397 e 9541 (Censo 2022), com leitura por metadados",IBGE/SIDRA - Tabela 9543 (Censo 2022),"IBGE/SIDRA - Tabela 10061 (Censo 2022), com leitura por metadados",IBGE/SIDRA - Censo 2022: Tabelas 10295 e 10296,sistema_antigo_cache_ibge_censo_2022,"Dados recuperados do cache do sistema antigo, com fontes IBGE/Censo 2022 já consolidadas na versão anterior."
5106653,Pontal do Araguaia - MT,85.07,,100.0,51.18,100.0,15.94,94.26,5.74,32.43,49.99,41.22,6932.0,3.27,18.6,14.9,"IBGE/SIDRA - Tabelas 6909, 9397 e 9541 (Censo 2022), com leitura por metadados",IBGE/SIDRA - Tabela 9543 (Censo 2022),"IBGE/SIDRA - Tabela 10061 (Censo 2022), com leitura por metadados",IBGE/SIDRA - Censo 2022: Tabelas 10295 e 10296,sistema_antigo_cache_ibge_censo_2022,"Dados recuperados do cache do sistema antigo, com fontes IBGE/Censo 2022 já consolidadas na versão anterior."
5107404,São Pedro da Cipa - MT,91.82,,100.0,25.81,100.0,20.59,87.1,12.9,42.68,44.16,49.26,4170.0,7.15,22.81,13.62,"IBGE/SIDRA - Tabelas 6909, 9397 e 9541 (Censo 2022), com leitura por metadados",IBGE/SIDRA - Tabela 9543 (Censo 2022),"IBGE/SIDRA - Tabela 10061 (Censo 2022), com leitura por metadados",IBGE/SIDRA - Censo 2022: Tabelas 10295 e 10296,sistema_antigo_cache_ibge_censo_2022,"Dados recuperados do cache do sistema antigo, com fontes IBGE/Censo 2022 já consolidadas na versão anterior."
5107206,Rio Branco - MT,84.13,,100.0,27.53,100.0,22.09,88.49,11.51,41.99,43.75,49.12,4521.0,7.32,22.6,16.69,"IBGE/SIDRA - Tabelas 6909, 9397 e 9541 (Censo 2022), com leitura por metadados",IBGE/SIDRA - Tabela 9543 (Censo 2022),"IBGE/SIDRA - Tabela 10061 (Censo 2022), com leitura por metadados",IBGE/SIDRA - Censo 2022: Tabelas 10295 e 10296,sistema_antigo_cache_ibge_censo_2022,"Dados recuperados do cache do sistema antigo, com fontes IBGE/Censo 2022 já consolidadas na versão anterior."
5100607,Alto Taquari - MT,94.85,,100.0,7.82,100.0,24.33,94.44,5.56,30.73,51.18,39.77,10835.0,2.7,17.77,5.63,"IBGE/SIDRA - Tabelas 6909, 9397 e 9541 (Censo 2022), com leitura por metadados",IBGE/SIDRA - Tabela 9543 (Censo 2022),"IBGE/SIDRA - Tabela 10061 (Censo 2022), com leitura por metadados",IBGE/SIDRA - Censo 2022: Tabelas 10295 e 10296,sistema_antigo_cache_ibge_censo_2022,"Dados recuperados do cache do sistema antigo, com fontes IBGE/Censo 2022 já consolidadas na versão anterior."
5101308,Arenápolis - MT,84.69,,100.0,38.9,100.0,19.1,90.5,9.5,35.12,49.3,42.91,10534.0,3.66,19.57,6.6,"IBGE/SIDRA - Tabelas 6909, 9397 e 9541 (Censo 2022), com leitura por metadados",IBGE/SIDRA - Tabela 9543 (Censo 2022),"IBGE/SIDRA - Tabela 10061 (Censo 2022), com leitura por metadados",IBGE/SIDRA - Censo 2022: Tabelas 10295 e 10296,sistema_antigo_cache_ibge_censo_2022,"Dados recuperados do cache do sistema antigo, com fontes IBGE/Censo 2022 já consolidadas na versão anterior."
5101837,Boa Esperança do Norte - MT,,,,,,100.0,,,,,,,,,,"IBGE/SIDRA - Tabelas 6909, 9397 e 9541 (Censo 2022), com leitura por metadados",,"IBGE/SIDRA - Tabela 10061 (Censo 2022), com leitura por metadados",IBGE/SIDRA - Censo 2022: Tabelas 10295 e 10296,sistema_antigo_cache_ibge_censo_2022,"Dados recuperados do cache do sistema antigo, com fontes IBGE/Censo 2022 já consolidadas na versão anterior."
